{
    "DG.SystemName": "Delta Green",
    "DG.AgentNameFieldTooltip": "NOM, PRENOM (ET ALIAS SI APPLICABLE)",
    "DG.RollLuck": "Jet de Chance",
    "DG.Luck": "Chance",

    "DG.FallbackText.ProfessionAndOrRank": "PROFESSION (RANg SI APPLICABLE)",

    "DG.Skills.accounting": "Comptabilité",
    "DG.Skills.alertness": "Vigilance",
    "DG.Skills.anthropology": "Anthropologie",
    "DG.Skills.archeology": "Archéologie",
    "DG.Skills.artillery": "Artillerie",
    "DG.Skills.athletics": "Athlétisme",
    "DG.Skills.bureaucracy": "Bureaucracie",
    "DG.Skills.computer_science": "Informatique",
    "DG.Skills.criminology": "Criminologie",
    "DG.Skills.demolitions": "Démolitions",
    "DG.Skills.disguise": "Deguisement",
    "DG.Skills.dodge": "Esquive",
    "DG.Skills.drive": "Conduite",
    "DG.Skills.firearms": "Armes à feu",
    "DG.Skills.first_aid": "Premier secours",
    "DG.Skills.forensics": "Médecine legale",
    "DG.Skills.heavy_machiner": "Machinerie lourde",
    "DG.Skills.heavy_weapons": "Armes lourdes",
    "DG.Skills.history": "Histoire",
    "DG.Skills.humint": "HUMINT",
    "DG.Skills.law": "Loi",
    "DG.Skills.medicine": "Médecine",
    "DG.Skills.melee_weapons": "Armes de mélée",
    "DG.Skills.navigate": "Navigation,
    "DG.Skills.occult": "Occultisme",
    "DG.Skills.persuade": "Persuasion",
    "DG.Skills.pharmacy": "Pharmacie",
    "DG.Skills.psychotherapy": "Psychothérapie",
    "DG.Skills.ride": "Equitation",
    "DG.Skills.search": "Recherche",
    "DG.Skills.sigint": "SIGINT",
    "DG.Skills.stealth": "Discrétion",
    "DG.Skills.surgery": "Chirurgie",
    "DG.Skills.survival": "Survie",
    "DG.Skills.swim": "Natation",
    "DG.Skills.unarmed_combat": "Corps à corps",
    "DG.Skills.unnatural": "Paranaturel",

    "DG.Skills.AddTypedOrCustomSkill": "Ajouter une compétence personalisée",
    "DG.Skills.AddSkill": "Ajout Compétence",
    "DG.Skills.SkillGroup": "Groupe de compétence",
    "DG.Skills.SkillName": "Nom de la compétence",

    "DG.TypeSkills.Art": "Art",
    "DG.TypeSkills.Craft": "Artisanat",
    "DG.TypeSkills.ForeignLanguage": "Langue étrangère",
    "DG.TypeSkills.MilitaryScience": "Expertise militaire",
    "DG.TypeSkills.Pilot": "Pilotage",
    "DG.TypeSkills.Science": "Science",
    "DG.TypeSkills.Other": "Autre",

    "DG.Attributes.HP": "PV",
    "DG.Attributes.WP": "WP",
    "DG.Attributes.SAN": "SAN",
    "DG.Attributes.str": "FOR",
    "DG.Attributes.con": "CON",
    "DG.Attributes.dex": "DEX",
    "DG.Attributes.int": "INT",
    "DG.Attributes.pow": "POU",
    "DG.Attributes.cha": "CHA",

    "DG.Navigation.Skills": "Compétebces",
    "DG.Navigation.Physical": "Physique",
    "DG.Navigation.Mental": "Mental",
    "DG.Navigation.Gear": "Equipement",
    "DG.Navigation.CV": "Biographie",
    "DG.Navigation.Contacts": "Contacts",

    "DG.About.OnlineHelp": "Documentation en ligne",
    "DG.About.OnlineHelpTooltip": "Lancer un navigateur avec l'aide en ligne de GitHub.",
    "DG.About.OnlineBugTracker": "Questions, rapports de bug ou demande de developpement.",
    "DG.About.OnlineBugTrackerTooltip": "Lancer un navigateur avec l'issue tracker de GitHub.",

    "DG.Roll.Rolling": "Jet de dés",
    "DG.Roll.Target": "Cible: ",
    "DG.Roll.Success": "Succés",
    "DG.Roll.Failure": "Echec",
    "DG.Roll.Critical": "Critique",
    "DG.Roll.Lethality": "Mortalité",
    "DG.Roll.Lethal": "Mortel",
    "DG.Roll.For": "Pour",
    "DG.Roll.Damage": "Dégâts",
    "DG.Roll.RollingDamageFor": "Jets de dégats pour",
    "DG.Roll.Or": "Ou",

    "DG.Physical.Wounds": "Blessures",
    "DG.Physical.FirstAidLabel": "Les premiers secours ont déjà été tentés: ",

    "DG.Generic.AddButtonLabel": "Ajout",

    "DG.Mental.BreakingPoint": "Point de Rupture: ",
    "DG.Mental.Reset": "Réinitialisé",
    "DG.Mental.SanityLossIncidentsLabel": "Perte de SAN sans devenir fou",
    "DG.Mental.Violence": "Violence",
    "DG.Mental.Helplessness": "Impuissance",
    "DG.Mental.AdaptedToViolence": "Adapté à la Violence",
    "DG.Mental.AdaptedToHelplessness": "Adapté à l'Impuissance",
    "DG.Mental.Motivations": "Motivations",
    "DG.Mental.Disorders": "Troubles",

    "DG.Gear.Weapons": "ARMES",
    "DG.Gear.Armor": "ARMURE",
    "DG.Gear.OtherGear": "AUTRES EQUIPEMENTS",
    "DG.Gear.Name": "Nom",
    "DG.Gear.DamageOrLethality": "Dégâts/Mortalité",
    "DG.Gear.ArmorPiercing": "Perforation d'Armure",
    "DG.Gear.ArmorRating": "Niveau Armure",
    "DG.Gear.Equipped": "EQUIPÉ",

    "DG.CV.Sex": "Sexe",
    "DG.CV.SexPlaceholder": "Sexe",
    "DG.CV.AgeAndDoB": "Age et Date de Naissance",
    "DG.CV.AgeAndDoBPlaceholder": "Age et Date de Naissance",
    "DG.CV.Employer": "Emploi",
    "DG.CV.EmployerPlaceholder": "Emploi ou Historique de Travail",
    "DG.CV.Nationality": "Nationalité",
    "DG.CV.NationalityPlaceholder": "Nationalité",
    "DG.CV.Education": "Éducation",
    "DG.CV.EducationPlaceholder": "Éducation",
    "DG.CV.PhysicalDescriptionLabel": "Description Physique / Notes",

    "DG.Bonds.Bond": "Lien",
    "DG.Bonds.Name": "Nom",
    "DG.Bonds.Score": "Valeur",
    "DG.Bonds.NewBond": "Nouveau Lien",

    "DG.ItemTypes.weapon": "Arme",
    "DG.ItemTypes.armor": "Armure",
    "DG.ItemTypes.motivation": "Motivation",
    "DG.ItemTypes.bond": "Lien",
    "DG.ItemTypes.gear": "Équipement",
    "DG.ItemTypes.NewPrefix": "Nouveau ",

    "DG.Tooltip.HP": "Points de vie, un personnage devient inconscient à 2PV et meurt à 0PV.",
    "DG.Tooltip.MaximumHP": "La Santé maximum est la moyenne de FOR+CON, arrondi au supérieur.",
    "DG.Tooltip.WP": "Les Points de Volonté (WP) sont le carburant psychologique. Les Agents ont besoin de Points de Volonté pour continuer à travailler malgré l'épuisement ou les situations mentalement éprouvantes.  Voir la page 47 du Manuel de l'agent pour plus de détails.",
    "DG.Tooltip.MaximumWP": "La Volonté maximum est égale au POUVOIR.",
    "DG.Tooltip.SanityLabel": "Cliquer pour effectuer un jet de Santé Mentale...",
    "DG.Tooltip.CurrentSanityPartOne": "Santé Mentale actuelle, le point de rupture actuel est ",
    "DG.Tooltip.CurrentSanityPartTwo": ", cliquez sur SAN ci-dessus pour effectuer un jet de santé mentale.",
    "DG.Tooltip.MaximumSanity": "La Santé Mentale maximum est égale à 99 moins la compétence Paranaturel.",
    "DG.Tooltip.SkillLabel": "Cliquer pour cocher la compétence.",
    "DG.Tooltip.CannotRollSkillLabel": "A skill at 0% cannot be used.  See page 28 of the Agent's Handbook.",
    "DG.Tooltip.SkillFailCheckbox": "After failing a test on this skill (if proficiency is at least 1%), check this box. At the end of the session, add 1D4-1 percentage points to the skill and uncheck the box. Does not apply to the Unnatural skill.  See page 29 of the Agent's Handbook.",
    "DG.Tooltip.DistinguishingFeature": "Distinguishing Feature (fill out if score is 12 or higher, or 8 or lower).",
    "DG.Tooltip.x5AttributeLabel": "Click to roll a x5 check.",
    "DG.Tooltip.FirstAidAttempted": "Once an agent receives first aid, they cannot benefit from it again until they receive further damage from a different source.",
    "DG.Tooltip.AdaptedToViolence": "Being adapted to violence means your Agent’s empathy suffers as they come to view violence as nothing but another tool to be wielded. He or she permanently loses 1D6 CHA and the same amount from each of their Bonds.",
    "DG.Tooltip.AdaptedToHelplessness": "Being adapted to helplessness means your Agent’s personal drive suffers as they pull back from the world around them. As soon as your Agent becomes adapted to helplessness, he or she permanently loses 1D6 POW.",

    "DG.Gear.Expense.Incidental": "Incidental",
    "DG.Gear.Expense.Standard": "Standard",
    "DG.Gear.Expense.Unusual": "Unusual",
    "DG.Gear.Expense.Major": "Major",
    "DG.Gear.Expense.Extreme": "Extreme",

    "DG.ItemWindow.Bonds.Description": "Description/Developments",
    "DG.ItemWindow.Bonds.ScoreTooltip": "A higher score represents a stronger relationship between the agent and the bond.",

    "DG.ItemWindow.Motivations.Attributes": "Attributes",
    "DG.ItemWindow.Motivations.Motivation": "Motivation",
    "DG.ItemWindow.Motivations.Description": "Description/Notes",
    "DG.ItemWindow.Motivations.Disorder": "Disorder",
    "DG.ItemWindow.Motivations.IsDisorder": "Is Disorder",
    "DG.ItemWindow.Motivations.MotivationNameTooltip": "Something that drives the character.",
    "DG.ItemWindow.Motivations.DisorderNameTooltip": "A disorder replaces a motivation after hitting a break point.",
    "DG.ItemWindow.Motivations.IsDisorderTooltip": "Check this if adding a disorder, or if an existing motivation has been lost due to gaining a disorder.",
    "DG.ItemWindow.Motivations.DisorderHasBeenCured": "Disorder Has Been \"Cured\"",
    "DG.ItemWindow.Motivations.DisorderHasBeenCuredTooltip": "A critical success on a therapy luck roll can cure a disorder.  It may return the next time a breaking point is hit however.",

    "DG.ItemWindow.Gear.Attributes": "Attributes",
    "DG.ItemWindow.Gear.Description": "Description",
    "DG.ItemWindow.Gear.NamePlaceholder": "Name",
    "DG.ItemWindow.Gear.Expense": "Expense",
    "DG.ItemWindow.Gear.Equipped": "Equipped",

    "DG.ItemWindow.Armor.Description": "Description",
    "DG.ItemWindow.Armor.NamePlaceholder": "Name",
    "DG.ItemWindow.Armor.ArmorRating": "Armor Rating",
    "DG.ItemWindow.Armor.Expense": "Expense",
    "DG.ItemWindow.Armor.Equipped": "Equipped",

    "DG.ItemWindow.Weapons.Description": "Description",
    "DG.ItemWindow.Weapons.NamePlaceholder": "Name",
    "DG.ItemWindow.Weapons.Skill": "Skill",
    "DG.ItemWindow.Weapons.Expense": "Expense",
    "DG.ItemWindow.Weapons.Damage": "Damage",
    "DG.ItemWindow.Weapons.Lethality": "Lethality",
    "DG.ItemWindow.Weapons.LethalityTooltip": "A lethal weapon has a chance to instantly kill a target.  Roll a D100 instead of damage die.  If it is not lethal, damage is dealt instead as if the result was a 2d10 roll, with a '00' on the first d10 equaling a 10.",
    "DG.ItemWindow.Weapons.IsLethalityTooltip": "Check this if the weapon has a lethality % associated with it.",
    "DG.ItemWindow.Weapons.ArmorPiercing": "Armor Piercing",
    "DG.ItemWindow.Weapons.Ammo": "Ammo (Amount/Type)",
    "DG.ItemWindow.Weapons.Range": "Range",
    "DG.ItemWindow.Weapons.KillRadius": "Kill Radius"
}