{
  "id": "DeltaGreen_fr-FR",
  "title": "Delta Green fr-FR",
  "description": "<p>Traduction Française du système Delta Green.</p> <p> *** Rejoignez la communauté Discord FR :<a href=\"https://discord.gg/pPSDNJk\"> https://discord.gg/pPSDNJk </a></p>",
  "authors": [
    {
      "name": "Hrunh",
      "flags": {}
    }
  ],
  "version": "0.6",
  "compatibility": {
    "minimum": "10",
    "verified": "10.285",
    "maximum": "10"
  },
  "styles": [
    "css/deltagreen_fr.css"
  ],
  "languages": [
    {
      "lang": "fr",
      "name": "Français",
      "path": "fr.json",
      "flags": {}
    }
  ],
  "relationships": {
    "systems": [
      {
        "id": "deltagreen",
        "type": "system",
        "compatibility": {}
      }
    ],
  }
  "socket": false,
  "protected": false,
  "manifest": "https://raw.githubusercontent.com/Hrunh/DeltaGreen-FR/master/module.json",
  "download": "https://github.com/Hrunh/DeltaGreen-FR/raw/master/DeltaGreen_fr-FR.zip",
}