{
  "name": "DeltaGreen_fr-FR",
  "title": "Delta Green fr-FR",
  "description": "<p>Traduction Française du système Delta Green.</p> <p> *** Rejoignez la communauté Discord FR :<a href='https://discord.gg/pPSDNJk'> https://discord.gg/pPSDNJk </a></p>",
  "version": "0.2", 
  "minimumCoreVersion" : "0.8.0",  
  "compatibleCoreVersion": "1.0.0",
  "author": "Hrunh",
  "systems": ["deltagreen"],
  "scripts": [],
  "styles": [ 
    "css/deltagreen_fr.css"
  ],
  "packs": [],
  "languages": [
    {
      "lang": "fr",
      "name": "Français",
      "path": "fr.json"
    }
  ],
  
  "url": "https://github.com/Hrunh/DeltaGreen-FR",
  "manifest": "https://raw.githubusercontent.com/Hrunh/DeltaGreen-FR/master/module.json",
  "download": "https://github.com/Hrunh/DeltaGreen-FR/raw/master/DeltaGreen_fr-FR.zip"
}
