{
  "name": "DeltaGreen_fr-fr",
  "id": "DeltaGreen_fr-fr",
  "title": "Delta Green fr-FR",
  "description": "<p>Traduction Française du système Delta Green.</p>",
  "authors": [
    {
      "name": "Hrunh",
      "flags": {}
    }
  ],
  "url": "https://github.com/Hrunh/DeltaGreen-FR",
  "flags": {},
  "version": "1.0",
  "compatibility": {
    "minimum": "12",
    "verified": "12"
  },
  "scripts": [],
  "esmodules": [],
  "styles": [
    "css/deltagreen_fr.css"
  ],
  "languages": [
    {
      "lang": "fr",
      "name": "Français",
      "path": "fr.json"
    }
  ],
  "packs": [],
  "relationships": {
    "systems": [
      {
        "id": "deltagreen",
        "type": "system",
        "compatibility": {}
      }
    ]
  },
  "socket": false,
  "manifest": "https://raw.githubusercontent.com/Hrunh/DeltaGreen-FR/master/module.json",
  "download": "https://github.com/Hrunh/DeltaGreen-FR/raw/master/DeltaGreen_fr-FR.zip",
  "protected": false,
  "coreTranslation": false,
  "library": false
}