{
  "name": "DeltaGreen_fr-FR",
  "title": "Delta Green fr-FR",
  "description": "<p>Traduction Française du système Delta Green.</p> <p> *** Rejoignez la communauté Discord FR :<a href='https://discord.gg/pPSDNJk'> https://discord.gg/pPSDNJk </a></p>",
  "version": "0.1", 
  "minimumCoreVersion" : "0.7.5",  
  "compatibleCoreVersion": "0.7.9",
  "author": "Hrunh",
      
  "scripts": [],
  "styles": [],
  "packs": [],
  
  "languages": [
    {
      "lang": "fr",
      "name": "Français",
      "path": "fr.json"
    }
  ],
  
  "url": "",
  "manifest": "",
  "download": ""
}
