{
  "name": "DeltaGreen_fr-FR",
  "title": "Delta Green fr-FR",
  "description": "<p>Traduction Française du système Delta Green.</p> <p> *** Rejoignez la communauté Discord FR :<a href=\"https://discord.gg/pPSDNJk\"> https://discord.gg/pPSDNJk </a></p>",
  "author": "Hrunh",
  "authors": [],
  "url": "https://github.com/Hrunh/DeltaGreen-FR",
  "flags": {},
  "version": "0.5",
  "minimumCoreVersion": "9",
  "compatibleCoreVersion": "10",
  "scripts": [],
  "esmodules": [],
  "styles": [
    "css/deltagreen_fr.css"
  ],
  "languages": [
    {
      "lang": "fr",
      "name": "Français",
      "path": "fr.json"
    }
  ],
  "packs": [],
  "system": [
    "deltagreen"
  ],
  "dependencies": [],
  "socket": false,
  "manifest": "https://raw.githubusercontent.com/Hrunh/DeltaGreen-FR/master/module.json",
  "download": "https://github.com/Hrunh/DeltaGreen-FR/raw/master/DeltaGreen_fr-FR.zip",
  "protected": false,
  "coreTranslation": false,
  "library": false
}